,entity,platform,cnt
0,A WifeA Purpose,twitter,1
1,AITA,discord,1
2,AIU,twitter,2
3,ARingoAteMyBabies,reddit,1
4,ATuxedoCat/ JustTheDoct0r,reddit,1
5,Account,reddit,1
6,African American Candace Owens,twitter,1
7,AgentPao,reddit,1
8,Aja,twitter,3
9,Akkad,twitter,2
10,Alex Jones,facebook,20
11,Alex Jones,twitter,9
12,Amazing Atheist,twitter,1
13,American Spectator,reddit,1
14,Americans,reddit,1
15,Amos Yee,facebook,1
16,AnCap Celebrity Samuel Hyde,twitter,1
17,Anarchy,reddit,1
18,Andreas Antonopoulos,reddit,1
19,Anime Outsiders,twitter,1
20,Animemes,reddit,1
21,Anon,4chan,3
22,Ant,facebook,1
23,Ant,twitter,4
24,Anthony,twitter,5
25,Anthony Cumia,twitter,1
26,Antwan Kyumia,twitter,1
27,Anyone,snapchat,1
28,Artist,facebook,14
29,Asian Andy,reddit,2
30,Austin Peterson,twitter,3
31,Avi Yemini,twitter,1
32,Azealia,twitter,1
33,Azealia Banks,twitter,3
34,Azelia Banks,twitter,1
35,BPS,facebook,1
36,Baked Alaska,twitter,1
37,BanndedFromMe_IRL,reddit,1
38,Barawo33,reddit,1
39,Barry Stanton,twitter,1
40,Based God,facebook,2
41,Based Shkreli,twitter,1
42,Belle Delphine,instagram,6
43,Ben Garrison,instagram,3
44,Ben Swann,reddit,1
45,Berniecrats,reddit,1
46,Bhatti,twitter,1
47,Bitcoin Core Developer Gregory Maxwell,reddit,2
48,Bitmain,twitter,2
49,Blaire White,instagram,2
50,Bob The Drag Queen,grindr,1
51,Bodygard,reddit,1
52,Bot,reddit,1
53,Brad Wells,twitter,1
54,Breitbart%2C Milo Yiannopoulos%2C,twitter,2
55,Brian Krassenstein,twitter,1
56,Brian Peppers,wikipedia,1
57,Britain,twitter,1
58,Britain First,facebook,4
59,Britain First HQ,twitter,3
60,Bruh,reddit,1
61,Bryce Weiner,twitter,2
62,Buddy,reddit,1
63,Buddy,twitter,2
64,Bunty King,twitter,1
65,BuzzFeed,reddit,1
66,BuzzFeed,twitter,7
67,CBTS,reddit,3
68,CGMC_Market,reddit,1
69,CNN,facebook,1
70,Cadence Owens,twitter,1
71,Caitlin Johnson,facebook,1
72,Caitlin Johnstone,facebook,2
73,Caitlyn Johnstone,facebook,1
74,Cambridge Analytica,facebook,1
75,Cambridge Analytics,facebook,2
76,Candace Owen,twitter,3
77,Candace Owens,facebook,1
78,Candace Owens,twitter,1
79,Candice Aiston,twitter,1
80,Cantelmoism,reddit,1
81,CarlgonWikipedia,twitter,1
82,Carlton,twitter,1
83,Carpe Donktum,twitter,1
84,Chad,discord,1
85,ChapoTrapHouse,reddit,1
86,Charles C. Johnson,twitter,2
87,Chatzy,reddit,1
88,Christians,reddit,1
89,Chumbawamba,reddit,1
90,Clementine Ford,facebook,2
91,Clint Eastwood,twitter,2
92,Cole Robinson,facebook,1
93,Conservative News Sites,facebook,3
94,ConspiraTodd,reddit,1
95,Conspiratard,reddit,3
96,CoonTown,reddit,1
97,Courtney Stodden,facebook,1
98,CringeAnarchy,reddit,1
99,Cumia,twitter,1
100,Cyborgmatt,reddit,1
101,Daily Mail,wikipedia,1
102,Damon,twitter,1
103,Daniel Amos,facebook,1
104,Dankmemes,reddit,1
105,Darknet Oz,reddit,1
106,Dasha,twitter,3
107,Dave,twitter,1
108,Deepak Mehta,quora,3
109,Deleet,wikipedia,1
110,Destiny,twitter,3
111,Devon Tracey,twitter,1
112,Devtesla,reddit,1
113,Dick,wikipedia,1
114,Dick Cheney,reddit,1
115,Dick Masterson,twitter,1
116,Direct2Drive,reddit,1
117,Disinfo Agent Jacob Wohl,twitter,1
118,Diss Rapper,reddit,1
119,Donald Trump,twitter,7
120,Dr Layman,twitter,1
121,Drillfork,reddit,1
122,Drumpf,twitter,1
123,Dusty,facebook,1
124,Dwane,discord,1
125,Dysklyver,wikipedia,1
126,ETERNALLY,discord,1
127,Edgelord,discord,1
128,Editor,wikipedia,2
129,Engadget,reddit,1
130,English,facebook,1
131,EnragedCinema,facebook,1
132,Erez,reddit,2
133,Euro Truck Simulator,steam,5
134,Extremist Muslim Imam Tawhidi,facebook,3
135,FBIOPENUP,reddit,1
136,FPH,reddit,1
137,FYI,discord,1
138,Faisal Saeed AlMutar,facebook,2
139,Faith Goldy,facebook,1
140,Fake ID,reddit,1
141,Far Left Racist Louis Farrakan,twitter,1
142,Farrakhan,facebook,2
143,Fnatic_sOAZ,twitter,1
144,Forsen,vk,2
145,Franklin Graham,facebook,4
146,Friend,facebook,1
147,Gab,facebook,1
148,Gabe,steam,1
149,GallowBoob,reddit,1
150,Game Developer,steam,1
151,Garrison,instagram,2
152,Garry Newman,twitter,1
153,Gavin McGinnis,twitter,2
154,Gavin McInnes,facebook,5
155,Gavin McInnes,twitter,1
156,Gawker,reddit,1
157,Geert Wilders,twitter,1
158,Generation Identity,facebook,1
159,Georgia Tech,twitter,1
160,GirlsGoneLiteCoin,reddit,1
161,God,discord,1
162,Godfrey Elfwick,twitter,1
163,Graham Phillips,twitter,3
164,GreatAwakening,reddit,1
165,Grrrgraphics,instagram,2
166,Guardian,reddit,3
167,Guilters,twitter,1
168,Gunsforsale,reddit,2
169,Guy,facebook,2
170,Guy,reddit,1
171,Halifaxnewswatcher,reddit,1
172,Hateful Heretic,twitter,1
173,Hatred,steam,2
174,Heterosexual Awareness Month,facebook,1
175,How I,facebook,1
176,How I,instagram,3
177,How I,reddit,4
178,IGN,reddit,3
179,IP,4chan,2
180,IP,discord,5
181,IP,instagram,2
182,IP,reddit,13
183,IP,steam,2
184,IP,twitter,5
185,IP,wikipedia,1
186,ISIS,twitter,1
187,Ian Bremmer,twitter,1
188,Ian Miles Cheong,reddit,1
189,Ian56,reddit,2
190,Identity Evropa,twitter,1
191,If Americans,reddit,1
192,If I,discord,1
193,If I,reddit,1
194,If I,twitter,3
195,If Trump,twitter,1
196,IllimidribbleMan,twitter,1
197,Imgur,facebook,1
198,Incels,reddit,3
199,Indians,4chan,1
200,Indonesia,facebook,1
201,InfoWars,twitter,3
202,Infowars,reddit,1
203,Infowars,twitter,3
204,Instagram,reddit,1
205,Interior Department,twitter,24
206,Iranian Memes,facebook,1
207,Isis,facebook,6
208,Islam,twitter,2
209,IvanTheTroll,reddit,3
210,JIDF,facebook,3
211,Jacob Wahl,twitter,1
212,Jacob Wohl,twitter,4
213,James Allsup,twitter,1
214,James Desborough,twitter,1
215,James McClean,twitter,1
216,James Woods,twitter,9
217,Jamie Glazov,facebook,2
218,Janet Bloomfield,twitter,1
219,Jason Kessler,twitter,1
220,Jayda Fransen,twitter,1
221,Jeff,periscope,1
222,Jenelle,facebook,2
223,Jeremy Boreing,twitter,1
224,Jesse Kelly,twitter,2
225,Jesus,twitter,1
226,Joe Biggs,instagram,1
227,Joe Cumia,facebook,1
228,John Lott,twitter,1
229,Jokes0nYQU,reddit,1
230,Jolene Bunting,facebook,1
231,Jonathan Daniel Brown,twitter,1
232,Josh,facebook,2
233,Journalist,facebook,1
234,Journalist Caitlin Johnstone,facebook,7
235,Journalist Laurie Penny,facebook,1
236,Julien Earle,reddit,1
237,Jussi Saarelma,facebook,1
238,KLH,quora,1
239,Kaceytron,twitter,2
240,Kang,facebook,1
241,Kanye West,twitter,1
242,Karen,periscope,1
243,Karen,twitter,1
244,Karmanaut,reddit,1
245,Kate Middleton,facebook,1
246,Kate Osamor,wikipedia,5
247,Kent,facebook,1
248,Kukuruyo,twitter,2
249,Kyder,tumblr,1
250,Kylie Minogue,facebook,1
251,LGBTI Charities,facebook,1
252,LOL,discord,1
253,LOL,reddit,1
254,LWSE,reddit,1
255,Laura Loomer,instagram,1
256,Laura Loomer,twitter,18
257,Laura Loomer Visits Facebook HQ,instagram,1
258,Lauren,instagram,1
259,Lauren Southern,facebook,3
260,Lil B,facebook,3
261,Lil BThe BasedGod,facebook,1
262,Lindsay Shepard,twitter,1
263,Lindsay Shepherd,twitter,13
264,Live Action,pinterest,1
265,Liz Crokin,twitter,3
266,Lmao,steam,1
267,Lolis,reddit,1
268,Lord Indoril Nerevar,twitter,1
269,Louis Farrakhan,facebook,4
270,Low Tier Bitch,twitter,1
271,META]Got,discord,1
272,MFW,4chan,1
273,MFW,discord,1
274,MFW Alex Jones,facebook,1
275,MFW Anthony,twitter,1
276,MMA Fighter,twitter,2
277,MRW,discord,2
278,MRW,reddit,2
279,MRW,twitter,2
280,MacedAlaska,twitter,1
281,Man,facebook,8
282,Man,twitter,18
283,Manboobz,reddit,2
284,Mandy Mitchell,instagram,1
285,Marco Gutierrez,facebook,2
286,Margaret MacLennan,twitter,1
287,Maria Ruiz,twitter,1
288,Mark Zuckerberg,facebook,2
289,Marshmallow Mike,twitter,1
290,Martin Shkreli,twitter,8
291,Matt Kessler,twitter,1
292,Maxifact,yo,2
293,Meghan Murphy,twitter,2
294,Meladroit,reddit,1
295,Meme,steam,1
296,Memet,reddit,1
297,MeninistTweets,twitter,1
298,Michael Church,quora,2
299,Milo,facebook,1
300,Milo,twitter,27
301,Milo Yiannopolous,twitter,1
302,Milo Yiannopoulos,facebook,1
303,Milo Yiannopoulos,reddit,1
304,Milo Yiannopoulos,twitter,5
305,Missoulian.com,reddit,1
306,Model,instagram,1
307,Mom,facebook,4
308,Monotone Matt,periscope,1
309,Mr. Metokur,twitter,1
310,Mum,instagram,1
311,Mumkey,twitter,1
312,Naked Wanderings,instagram,1
313,Nana,twitter,2
314,Nasif,facebook,1
315,National Park Service,twitter,3
316,National Parks Service,twitter,7
317,Nazi Faith Goldy,twitter,1
318,Neon Revolt,twitter,1
319,New Denial CEO,twitter,1
320,New Jack,twitter,1
321,New Yorker,facebook,1
322,Nick,twitter,6
323,Nick Monroe,twitter,2
324,Nick Mullen,twitter,1
325,NoNoLibertarians,reddit,1
326,Norrie,facebook,1
327,OP,reddit,1
328,Oddwine,reddit,1
329,Oh Milo,twitter,1
330,Omar,reddit,1
331,OnGamers,reddit,1
332,Ongamers,reddit,1
333,Opskins,steam,1
334,Ouija,reddit,1
335,Owen Benjamin,twitter,3
336,Owen Shroyer,facebook,2
337,P1ac3h01d3r,reddit,1
338,PCMasterRace,reddit,1
339,PNZ,twitter,1
340,ParagonOfficial,reddit,1
341,Patti Beers,twitter,6
342,Paul Joseph Watson,instagram,1
343,Paul Nehlen,twitter,2
344,Pauline Hanson,twitter,3
345,Pax Dickinson,twitter,1
346,Peace,facebook,1
347,People,discord,1
348,People,twitter,1
349,Perm,4chan,1
350,Perma,4chan,1
351,Perma,discord,1
352,Perma,runescape,1
353,Peter Boykin,twitter,4
354,Peter Dâ€™Abrosca,twitter,1
355,Peter Fonda,twitter,1
356,Philippines,twitter,1
357,Pics,twitter,1
358,Player,steam,1
359,Polar_Vortex,reddit,1
360,Police,facebook,2
361,President Elect Trump,twitter,1
362,President Trump,twitter,1
363,Prof Academic Agent,twitter,2
364,Professor,twitter,1
365,Project Veritas,reddit,1
366,Proud Boys,facebook,1
367,Proudfitfam,instagram,1
368,Publisher,steam,4
369,Qanon,reddit,1
370,Quackity,discord,1
371,Quickmeme,reddit,10
372,RANT]I,discord,1
373,RT,reddit,1
374,RTBA,twitter,1
375,Racist MEP Nick Griffin,twitter,1
376,Raheem Kassam,facebook,1
377,Rape Day,steam,1
378,Rapper Boonkgang,instagram,8
379,Rapper Lil B,facebook,3
380,Ray Blanchard,twitter,1
381,Real Reason PEWDIEPIE,twitter,1
382,Reason.com,reddit,1
383,Reddit,reddit,10
384,Rekieta Law,twitter,1
385,Richard Spencer,soundcloud,16
386,Richard Spencer,twitter,1
387,Rick Wilson,twitter,1
388,Ricky Vaughn,twitter,1
389,Rihannna,instagram,1
390,Rocket,steam,1
391,Roger Stone,twitter,5
392,Roger Ver,reddit,2
393,Rome Viharo Tumbleman,wikipedia,1
394,Rose,discord,1
395,Rose McGowan,twitter,1
396,Roseanne Barr,twitter,3
397,Russia,twitter,1
398,RussiaToday,reddit,1
399,RyuLong,wikipedia,1
400,SJWs,wikipedia,1
401,Sabo,twitter,2
402,Saira Rao,twitter,2
403,Sam,twitter,1
404,Sam Hyde,twitter,2
405,Sam Knight,twitter,1
406,Sam Roddick,instagram,2
407,Sanders,facebook,1
408,Sargon,twitter,4
409,Scientology,wikipedia,2
410,Scott Adams,twitter,1
411,Scott Bradlee,reddit,1
412,Scott Foval,twitter,1
413,Scott Horton,twitter,1
414,Shadow,reddit,1
415,Shadow,twitter,1
416,Shane,twitter,1
417,Sharon,facebook,3
418,Shkreli,twitter,2
419,Simon,reddit,1
420,Site,facebook,1
421,Sky,twitter,1
422,Sky Williams,twitter,2
423,SlickWrapsCom,reddit,1
424,Stalker,tumblr,1
425,Steven Crowder,twitter,3
426,StopEnslavingSaudiWomen,twitter,1
427,Substantia Jones,facebook,1
428,Suzanne Evans,twitter,1
429,TID,reddit,1
430,TIL Milo,twitter,1
431,TIL NBCnews.com,reddit,1
432,TIL Unidan,reddit,3
433,TJ Kirk,twitter,1
434,TPM,reddit,1
435,TWIS Brandon Straka,facebook,1
436,T_D,reddit,6
437,Tea,twitter,3
438,Team McConnell,twitter,1
439,Temp,crunchyroll,1
440,Temp,reddit,2
441,Tfw,discord,1
442,Thailand,facebook,3
443,The Author,twitter,1
444,The Daily Mail,wikipedia,1
445,The House,wikipedia,1
446,The Krassenstein Fags,twitter,1
447,The Krassensteins,twitter,1
448,The New Yorker,facebook,1
449,The URLs,steam,4
450,TheCarWashChannel,reddit,1
451,TheGhostOfNoLibs,reddit,1
452,Theblaster9001,reddit,1
453,This YouTuber,discord,1
454,Thomas Wictor,twitter,1
455,Times,reddit,1
456,Today,reddit,1
457,Today,twitter,1
458,Today Milo Yiannopoulos,twitter,1
459,Tom Segura,instagram,1
460,Tommy,facebook,1
461,Tommy,twitter,1
462,Tommy Robinson,facebook,33
463,Tommy Robinson,snapchat,2
464,Tommy Robinson,twitter,17
465,TommyRobinson,facebook,2
466,Trade,steam,1
467,Travis,reddit,1
468,Trump,facebook,1
469,Trump,twitter,7
470,Turkey,wikipedia,1
471,Tyler1,runescape,1
472,Tyson Fury,wikipedia,2
473,UPF,facebook,1
474,US Senate,wikipedia,3
475,Ukip MEP David Coburn,wikipedia,4
476,Un,discord,1
477,Unidan,reddit,4
478,United States,twitter,1
479,User,reddit,5
480,Userleansbot,reddit,1
481,VAC,reddit,1
482,VAC,steam,4
483,Vlogger,twitter,1
484,Waluigi,instagram,1
485,WatchPeopleDie,reddit,1
486,Watchpeopledie,reddit,1
487,We,myspace,1
488,We,tumblr,1
489,Welp,discord,1
490,Wesearchr,twitter,2
491,Weymouth WiFi,4chan,1
492,When Gavin,twitter,1
493,Who,reddit,1
494,Whoever,4chan,1
495,Why I,reddit,1
496,Why I,twitter,1
497,Why Trump,twitter,1
498,WhyAmILikeThis24,reddit,1
499,Wictor Thomas,twitter,1
500,Wilders,twitter,1
501,Wire,twitter,1
502,Woman,facebook,8
503,Women,facebook,2
504,XD,discord,1
505,Xanax Wizard,reddit,1
506,Xanit3r,twitter,1
507,Yo I,discord,1
508,YouTuber,twitter,9
509,Zero Hedge,facebook,1
